movie_name,released_year,genre,duration_min,user_rating,critics_rating,votes
It Chapter Two,2019,"Drama, Fantasy, Horror",169,7.0,58,75047
Joker I ,2019,"Crime, Drama, Thriller",122,9.5,70,14920
Ad Astra,2019,"Adventure, Drama, Mystery",123,7.1,80,26831
Once Upon a Time... in Hollywood,2019,"Comedy, Drama",161,8.0,83,196781
Spider-Man: Far from Home,2019,"Action, Adventure, Sci-Fi",129,7.7,69,187660
Anna II,2019,"Action, Thriller",119,6.6,40,19221
It I ,2017,Horror,135,7.4,69,391211
Ford v Ferrari,2019,"Action, Biography, Drama",152,7.7,71,597
Aladdin,2019,"Adventure, Family, Fantasy",128,7.1,53,133838
Avengers: Endgame,2019,"Action, Adventure, Sci-Fi",181,8.6,78,562071
Dark Phoenix,2019,"Action, Adventure, Sci-Fi",113,5.8,43,90249
John Wick: Chapter 3 - Parabellum,2019,"Action, Crime, Thriller",131,7.6,73,167075
Fast & Furious Presents: Hobbs & Shaw,2019,"Action, Adventure",137,6.7,60,69484
Toy Story 4,2019,"Animation, Adventure, Comedy",100,8.1,84,96329
Child's Play,2019,Horror,90,6.0,48,20435
Ready or Not I ,2019,"Comedy, Horror, Mystery",95,7.2,64,14017
Angel Has Fallen,2019,"Action, Thriller",121,6.7,45,15687
Rocketman I ,2019,"Biography, Drama, Music",121,7.4,69,67117
The Peanut Butter Falcon,2019,"Adventure, Comedy, Drama",97,8.0,69,5206
Good Boys II,2019,"Adventure, Comedy",90,6.9,60,14376
Haunt,2019,"Horror, Thriller",92,6.4,69,2291
Midsommar I ,2019,"Drama, Horror, Mystery",147,7.5,72,40057
The Dead Don't Die,2019,"Comedy, Fantasy, Horror",104,5.6,54,22954
Men in Black: International,2019,"Action, Adventure, Comedy",114,5.6,38,61488
Welcome to Marwen,2018,"Biography, Comedy, Drama",116,6.1,40,12028
Annabelle Comes Home,2019,"Horror, Mystery, Thriller",106,6.0,53,30360
The Lion King,2019,"Animation, Adventure, Drama",118,7.1,55,101681
Bloodline II,2018,"Horror, Thriller",95,6.0,50,828
Booksmart,2019,Comedy,102,7.3,84,38736
Godzilla: King of the Monsters,2019,"Action, Adventure, Fantasy",132,6.2,48,87316
Bohemian Rhapsody,2018,"Biography, Drama, Music",134,8.0,49,380133
Alita: Battle Angel,2019,"Action, Adventure, Sci-Fi",122,7.4,53,160313
Uncut Gems,2019,"Comedy, Crime, Drama",135,8.2,88,416
Mary Queen of Scots,2018,"Biography, Drama, History",124,6.3,60,27911
The Lighthouse,2019,"Drama, Fantasy, Horror",110,7.9,89,1290
Aquaman,2018,"Action, Adventure, Fantasy",143,7.0,55,298120
Blade Runner 2049,2017,"Action, Drama, Mystery",164,8.0,81,392243
A Simple Favor,2018,"Comedy, Crime, Drama",117,6.8,67,96376
The Predator,2018,"Action, Adventure, Sci-Fi",107,5.4,48,101655
Fantastic Beasts: The Crimes of Grindelwald,2018,"Adventure, Family, Fantasy",134,6.6,52,179369
Nomis,2018,"Action, Thriller",98,5.7,31,4609
Spider-Man: Into the Spider-Verse,2018,"Animation, Action, Adventure",117,8.4,87,259690
Long Shot,2019,"Comedy, Romance",125,7.0,67,46824
Brightburn,2019,"Horror, Sci-Fi",90,6.2,44,45153
Shazam!,2019,"Action, Adventure, Comedy",132,7.1,70,179975
Scary Stories to Tell in the Dark,2019,"Horror, Mystery, Thriller",108,6.4,61,17219
Late Night,2019,"Comedy, Drama",102,6.6,71,9229
Glass,2019,"Drama, Sci-Fi, Thriller",129,6.7,43,157327
The Hustle,2019,"Comedy, Crime",93,5.4,35,22191
Avengers: Infinity War,2018,"Action, Adventure, Sci-Fi",149,8.5,68,709113
Dora and the Lost City of Gold,2019,"Adventure, Family",102,6.1,63,5546
Ma I ,2019,"Horror, Thriller",99,5.7,53,18809
Us II,2019,"Horror, Mystery, Thriller",116,6.9,81,149110
The Secret Life of Pets 2,2019,"Animation, Adventure, Comedy",86,6.5,55,24475
Villains I ,2019,"Comedy, Drama, Horror",88,6.6,63,277
Corporate Animals,2019,"Comedy, Horror",86,4.2,31,459
After,2019,"Drama, Romance",105,5.4,30,18023
Brittany Runs a Marathon,2019,"Comedy, Drama",104,6.9,74,1428
Captain Marvel,2019,"Action, Adventure, Sci-Fi",123,7.0,64,360063
Spider-Man: Homecoming,2017,"Action, Adventure, Sci-Fi",133,7.4,73,452622
Mission: Impossible - Fallout,2018,"Action, Adventure, Thriller",147,7.8,86,247520
Hereditary,2018,"Drama, Horror, Mystery",127,7.3,87,171493
The Aeronauts,2019,"Action, Adventure, Biography",100,6.0,73,279
The Current War,2017,"Biography, Drama, History",107,6.3,44,3281
Hellboy,2019,"Action, Adventure, Fantasy",120,5.2,31,51875
Deadpool 2,2018,"Action, Adventure, Comedy",119,7.7,66,415411
Green Book,2018,"Biography, Comedy, Drama",130,8.2,69,242025
Pokémon Detective Pikachu,2019,"Action, Adventure, Comedy",104,6.7,53,95936
The Fanatic,2019,Thriller,88,3.9,17,1670
Blinded by the Light,2019,"Comedy, Drama, Music",118,7.0,71,7146
The Favourite,2018,"Biography, Drama, History",119,7.6,90,130760
A Star Is Born,2018,"Drama, Music, Romance",136,7.7,88,275043
Bad Times at the El Royale,2018,"Crime, Drama, Mystery",141,7.1,60,101591
Robin Hood,2018,"Action, Adventure, Thriller",116,5.3,32,49116
Motherless Brooklyn,2019,"Crime, Drama",144,8.1,62,937
Justice League,2017,"Action, Adventure, Fantasy",120,6.4,45,340045
Thor: Ragnarok,2017,"Action, Adventure, Comedy",130,7.9,74,509407
Bumblebee,2018,"Action, Adventure, Sci-Fi",114,6.8,66,106060
Official Secrets,2019,"Biography, Drama, Romance",112,7.1,64,989
Marriage Story,2019,"Comedy, Drama",136,7.8,95,569
The Mule,2018,"Crime, Drama, Thriller",116,7.0,58,74054
Mortal Engines,2018,"Action, Adventure, Fantasy",128,6.1,44,80794
"Extremely Wicked, Shockingly Evil and Vile",2019,"Biography, Crime, Drama",110,6.6,52,53933
A Quiet Place,2018,"Drama, Horror, Sci-Fi",90,7.5,82,324047
Get Out I ,2017,"Horror, Mystery, Thriller",104,7.7,84,420526
Freaks,2018,"Drama, Sci-Fi, Thriller",105,6.9,63,954
Crazy Rich Asians,2018,"Comedy, Drama, Romance",120,6.9,74,108240
The Greatest Showman,2017,"Biography, Drama, Musical",105,7.6,48,206071
Shaft,2019,"Action, Comedy, Crime",111,6.4,40,28355
John Wick: Chapter 2,2017,"Action, Crime, Thriller",122,7.5,75,312994
Black Panther,2018,"Action, Adventure, Sci-Fi",134,7.3,88,541435
Power Rangers,2017,"Action, Adventure, Sci-Fi",124,5.9,44,94914
Overcomer,2019,"Drama, Sport",119,6.7,17,1329
Hotel Mumbai,2018,"Drama, History, Thriller",123,7.6,64,29610
Prospect,2018,"Drama, Sci-Fi, Thriller",100,6.1,68,11644
Baby Driver,2017,"Action, Crime, Drama",113,7.6,86,380854
Star Wars: Episode VIII - The Last Jedi,2017,"Action, Adventure, Fantasy",152,7.1,85,475920
Venom,2018,"Action, Sci-Fi, Thriller",112,6.7,35,303750
The Farewell I ,2019,"Comedy, Drama",100,8.1,89,6925
Mother!,2017,"Drama, Horror, Mystery",121,6.6,75,164136
Murder Mystery,2019,"Action, Comedy, Crime",97,6.0,38,68118
Monos,2019,"Drama, Thriller",102,7.5,75,1634
Honey Boy,2019,Drama,93,6.3,65,468
A Rainy Day in New York,2019,"Comedy, Romance",92,6.9,44,2225
First Man,2018,"Biography, Drama, History",141,7.3,84,134670
Crawl,2019,"Action, Drama, Horror",87,6.5,60,16685
Vice I ,2018,"Biography, Comedy, Drama",132,7.2,61,86653
Valerian and the City of a Thousand Planets,2017,"Action, Adventure, Fantasy",137,6.5,51,144698
Solo: A Star Wars Story,2018,"Action, Adventure, Fantasy",135,6.9,62,237085
Jurassic World: Fallen Kingdom,2018,"Action, Adventure, Sci-Fi",128,6.2,51,229347
The Mummy,2017,"Action, Adventure, Fantasy",110,5.5,34,158782
Five Feet Apart,2019,"Drama, Romance",116,7.2,53,22336
The Angry Birds Movie 2,2019,"Animation, Adventure, Comedy",97,6.5,60,4271
Halloween I ,2018,"Horror, Thriller",106,6.6,67,96362
Red Sparrow,2018,"Action, Drama, Thriller",140,6.6,53,143048
47 Meters Down: Uncaged,2019,"Adventure, Drama, Horror",90,5.1,43,2903
Baywatch,2017,"Action, Comedy, Crime",116,5.5,37,143291
Logan,2017,"Action, Drama, Sci-Fi",137,8.1,77,577490
Dunkirk,2017,"Action, Drama, History",106,7.9,94,480957
Mary Poppins Returns,2018,"Comedy, Family, Fantasy",130,6.8,66,60954
Widows,2018,"Crime, Drama, Thriller",129,6.9,84,69608
BlacKkKlansman,2018,"Biography, Crime, Drama",135,7.5,83,163713
Annihilation,2018,"Adventure, Drama, Horror",115,6.9,79,239277
Jumanji: Welcome to the Jungle,2017,"Action, Adventure, Comedy",119,6.9,58,252925
The Kitchen,2019,"Action, Crime, Drama",102,5.2,36,3126
Serenity,2019,"Drama, Mystery, Thriller",106,5.3,37,24526
The Hitman's Bodyguard,2017,"Action, Comedy, Thriller",118,6.9,47,166388
How to Train Your Dragon: The Hidden World,2019,"Animation, Action, Adventure",104,7.5,71,74404
The Poison Rose,2019,"Drama, Thriller",98,4.5,30,2737
A Hidden Life,2019,"Biography, Drama, War",173,7.3,76,453
Ready Player One,2018,"Action, Adventure, Sci-Fi",140,7.5,64,315635
Pirates of the Caribbean: Dead Men Tell No Tales,2017,"Action, Adventure, Fantasy",129,6.6,39,234994
Angel of Mine,2019,"Drama, Mystery, Thriller",98,6.8,47,2911
Suspiria I ,2018,"Fantasy, Horror, Mystery",152,6.8,64,43814
Pet Sematary,2019,"Horror, Mystery, Thriller",101,5.8,57,57578
Hunter Killer,2018,"Action, Thriller",122,6.6,43,39766
Wonder Woman,2017,"Action, Adventure, Fantasy",141,7.4,76,500920
The Happytime Murders,2018,"Action, Comedy, Crime",91,5.4,27,19709
The Art of Racing in the Rain,2019,"Comedy, Drama, Romance",109,7.4,43,3423
Beauty and the Beast,2017,"Family, Fantasy, Musical",129,7.2,65,245301
A Dog's Journey,2019,"Adventure, Comedy, Drama",109,7.4,43,8362
Bird Box,2018,"Drama, Horror, Sci-Fi",124,6.6,51,233028
Tolkien,2019,"Biography, Drama, War",112,6.8,48,14861
Cold Pursuit,2019,"Action, Crime, Drama",119,6.2,57,37788
The Shape of Water,2017,"Adventure, Drama, Fantasy",123,7.3,87,320554
The Curse of La Llorona,2019,"Horror, Mystery, Thriller",93,5.4,41,23979
Wonder I ,2017,"Drama, Family",113,8.0,66,116310
The Beach Bum,2019,Comedy,95,5.5,55,10746
Coco I ,2017,"Animation, Adventure, Family",105,8.4,81,295584
Dragged Across Concrete,2018,"Action, Crime, Drama",159,7.0,60,22198
The Meg,2018,"Action, Horror, Sci-Fi",113,5.7,46,124096
Guardians of the Galaxy Vol. 2,2017,"Action, Adventure, Comedy",136,7.6,67,503817
Skin V ,2018,"Biography, Crime, Drama",118,7.1,58,7766
Fighting with My Family,2019,"Biography, Comedy, Drama",108,7.1,68,39643
The Fate of the Furious,2017,"Action, Adventure, Thriller",136,6.7,56,186126
"Three Billboards Outside Ebbing, Missouri",2017,"Crime, Drama",115,8.2,88,359861
Creed II,2018,"Drama, Sport",130,7.2,66,82079
Ralph Breaks the Internet,2018,"Animation, Adventure, Comedy",112,7.1,71,101454
Kingsman: The Golden Circle,2017,"Action, Adventure, Comedy",141,6.8,44,238980
Ocean's Eight,2018,"Action, Comedy, Crime",110,6.2,61,153187
Low Tide,2019,"Drama, Thriller",84,6.2,,367
Escape Room I ,2019,"Action, Adventure, Horror",99,6.3,48,55531
The Ballad of Buster Scruggs,2018,"Comedy, Drama, Musical",133,7.3,79,94729
The Dark Tower,2017,"Action, Adventure, Fantasy",95,5.6,34,113919
Overlord,2018,"Action, Adventure, Horror",110,6.7,60,64193
Triple Frontier,2019,"Action, Adventure, Crime",125,6.5,61,81557
Mamma Mia! Here We Go Again,2018,"Comedy, Musical, Romance",114,6.7,60,64918
Stan & Ollie,2018,"Biography, Comedy, Drama",98,7.2,75,21651
Peppermint,2018,"Action, Drama, Thriller",101,6.5,29,40438
Alien: Covenant,2017,"Horror, Sci-Fi, Thriller",122,6.4,65,232317
Unforgettable II,2017,"Drama, Thriller",100,5.1,45,11913
Capharnaüm,2018,Drama,126,8.4,75,27333
The Spy Who Dumped Me,2018,"Action, Adventure, Comedy",117,6.0,52,55167
Transformers: The Last Knight,2017,"Action, Adventure, Sci-Fi",154,5.2,27,122659
Instant Family,2018,"Comedy, Drama",118,7.3,57,55306
The Nun,2018,"Horror, Mystery, Thriller",96,5.4,46,98766
Escape Plan: The Extractors,2019,"Action, Crime, Thriller",97,4.4,,5742
Dumbo,2019,"Adventure, Family, Fantasy",112,6.3,51,45672
American Assassin,2017,"Action, Thriller",112,6.2,45,60019
Murder on the Orient Express,2017,"Crime, Drama, Mystery",114,6.5,52,183455
Holmes & Watson,2018,"Comedy, Crime, Mystery",90,3.8,24,21942
Beautiful Boy I ,2018,"Biography, Drama",120,7.3,62,35154
Downsizing,2017,"Drama, Sci-Fi",135,5.7,63,80701
Geostorm,2017,"Action, Sci-Fi, Thriller",109,5.3,21,82035
The Upside,2017,"Comedy, Drama",126,6.8,46,32125
Can You Ever Forgive Me?,2018,"Biography, Comedy, Crime",106,7.1,87,34848
Incredibles 2,2018,"Animation, Action, Adventure",118,7.7,80,215294
The Aftermath II,2019,"Drama, Romance, War",108,6.3,43,8860
You Were Never Really Here,2017,"Crime, Drama, Mystery",89,6.8,84,76382
Wind River,2017,"Crime, Drama, Mystery",107,7.7,73,175669
Ant-Man and the Wasp,2018,"Action, Adventure, Comedy",118,7.1,70,260877
American Dreamer,2018,"Crime, Thriller",92,5.3,40,109
Molly's Game,2017,"Biography, Crime, Drama",140,7.5,71,109693
xXx: Return of Xander Cage,2017,"Action, Adventure, Thriller",107,5.2,42,79506
Waves I ,2019,"Drama, Romance",135,7.9,81,196
Mile 22,2018,"Action, Adventure, Thriller",94,6.1,38,53185
Ghost in the Shell,2017,"Action, Drama, Sci-Fi",107,6.3,52,181057
UglyDolls,2019,"Animation, Adventure, Comedy",87,4.7,39,3121
The Front Runner,2018,"Biography, Drama, History",113,6.1,61,7939
Atomic Blonde,2017,"Action, Mystery, Thriller",115,6.7,63,155725
Lady Bird,2017,"Comedy, Drama",94,7.4,94,185659
Under the Silver Lake,2018,"Comedy, Crime, Drama",139,6.5,60,22040
Kong: Skull Island,2017,"Action, Adventure, Fantasy",118,6.6,62,245138
"Where'd You Go, Bernadette",2019,"Comedy, Drama, Mystery",109,6.6,51,2004
Good Time,2017,"Crime, Drama, Thriller",101,7.3,80,55686
Mid90s,2018,"Comedy, Drama",85,7.4,66,30026
Always Be My Maybe,2019,"Comedy, Romance",101,6.8,64,33801
The Girl in the Spider's Web,2018,"Action, Crime, Drama",115,6.1,43,32128
The Report I ,2019,"Drama, Thriller",119,7.1,79,474
Isn't It Romantic,2019,"Comedy, Fantasy, Romance",89,5.9,60,48358
The Last Black Man in San Francisco,2019,Drama,121,7.5,84,3904
Someone Great,2019,"Comedy, Romance",92,6.2,63,12350
Captive State,2019,"Drama, Sci-Fi, Thriller",109,6.1,54,38937
Sicario: Day of the Soldado,2018,"Action, Crime, Drama",122,7.1,61,102312
Fifty Shades Freed,2018,"Drama, Romance, Thriller",105,4.5,31,45927
The Snowman,2017,"Crime, Drama, Mystery",119,5.1,23,50196
The Highwaymen,2019,"Biography, Crime, Drama",132,6.9,58,52530
"I, Tonya",2017,"Biography, Comedy, Drama",120,7.5,77,148641
The Banana Splits Movie,2019,"Comedy, Horror, Sci-Fi",89,5.0,,1122
Destroyer,2018,"Action, Crime, Drama",121,6.2,62,17792
The Souvenir,2019,"Drama, Mystery, Romance",120,6.6,92,2781
Operation Finale,2018,"Biography, Drama, History",122,6.5,58,23023
Darkest Hour,2017,"Biography, Drama, History",125,7.4,75,141752
Truth or Dare I ,2018,"Horror, Thriller",100,5.1,35,36086
Les frères Sisters,2018,"Comedy, Crime, Drama",122,7.0,78,37621
Den of Thieves,2018,"Action, Crime, Drama",140,7.0,49,73186
Dumplin',2018,"Comedy, Drama, Musical",110,6.6,53,22277
American Made,2017,"Action, Biography, Comedy",115,7.1,65,137492
First Kill,2017,"Action, Thriller",97,4.9,39,8368
The Black String,2018,"Horror, Mystery, Thriller",93,5.2,,178
Sorry to Bother You,2018,"Comedy, Fantasy, Sci-Fi",112,7.0,80,45815
Greta,2018,"Drama, Mystery, Thriller",98,6.0,54,15370
Annabelle: Creation,2017,"Horror, Mystery, Thriller",109,6.5,62,97260
Tomb Raider,2018,"Action, Adventure, Fantasy",119,6.3,48,169467
Fifty Shades Darker,2017,"Drama, Romance",118,4.6,33,83576
The Equalizer 2,2018,"Action, Crime, Thriller",121,6.7,50,106065
Little Monsters,2019,"Comedy, Horror",94,5.9,59,400
The Hate U Give,2018,"Crime, Drama",133,7.4,81,21392
White Boy Rick,2018,"Crime, Drama",111,6.4,59,18638
Don't Let Go,2019,"Drama, Fantasy, Horror",103,5.8,51,734
Otherhood,2019,Comedy,100,6.0,38,6470
A Dog's Way Home,2019,"Adventure, Drama, Family",96,6.7,50,9493
The Disaster Artist,2017,"Biography, Comedy, Drama",104,7.4,76,116011
King Arthur: Legend of the Sword,2017,"Action, Adventure, Drama",126,6.8,41,173094
Game Night I ,2018,"Action, Comedy, Crime",100,6.9,66,170957
Tag I ,2018,Comedy,100,6.5,56,92445
12 Strong,2018,"Action, Drama, History",130,6.6,54,53105
Searching II,2018,"Drama, Mystery, Thriller",102,7.7,71,109804
Papillon I ,2017,"Adventure, Biography, Crime",133,7.1,51,37058
Replicas,2018,"Drama, Sci-Fi, Thriller",107,5.5,19,21753
Boy Erased,2018,"Biography, Drama",115,7.0,69,22158
Logan Lucky,2017,"Comedy, Crime, Drama",118,7.0,78,109594
The Old Man & the Gun,2018,"Biography, Comedy, Crime",93,6.7,80,30748
Roma,2018,Drama,135,7.8,96,113562
Phantom Thread,2017,"Drama, Romance",130,7.5,90,89320
Hostiles,2017,"Adventure, Drama, Western",134,7.2,65,56591
Driven I ,2018,"Biography, Drama, Thriller",108,6.2,58,1584
Pitch Perfect 3,2017,"Comedy, Music",93,5.8,40,47328
Nancy Drew and the Hidden Staircase,2019,"Comedy, Crime, Drama",89,5.7,55,1754
68 Kill,2017,"Comedy, Crime, Romance",93,6.0,56,3814
A Dog's Purpose,2017,"Adventure, Comedy, Drama",100,7.1,43,57271
Destination Wedding,2018,"Comedy, Drama, Romance",87,6.0,46,18270
Breakthrough I ,2019,"Biography, Drama",116,6.1,46,4448
Second Act,2018,"Comedy, Drama, Romance",103,5.8,46,15842
Her Smell,2018,"Drama, Music",134,6.3,69,2064
Miss Bala,2019,"Action, Crime, Drama",104,5.7,41,5091
The Intruder I ,2019,"Drama, Horror, Mystery",102,5.5,39,6860
Happy Death Day,2017,"Horror, Mystery, Thriller",96,6.5,58,93784
Only the Brave,2017,"Action, Biography, Drama",134,7.7,72,47923
A Million Little Pieces,2018,Drama,113,6.6,50,267
Velvet Buzzsaw,2019,"Horror, Mystery, Thriller",113,5.7,61,44017
Billionaire Boys Club,2018,"Biography, Drama, Thriller",108,5.6,30,8384
The Foreigner I ,2017,"Action, Thriller",113,7.0,55,84506
The Nightingale I ,2018,"Adventure, Drama, Thriller",136,7.3,76,1587
Hotel Artemis,2018,"Action, Crime, Drama",94,6.1,58,33985
47 Meters Down,2017,"Adventure, Drama, Horror",89,5.6,52,41701
Flatliners,2017,"Drama, Horror, Mystery",109,5.2,27,35782
Rough Night,2017,"Comedy, Crime, Thriller",101,5.2,51,41219
Crypto,2019,"Crime, Drama, Thriller",105,5.6,,2120
The Lego Movie 2: The Second Part,2019,"Animation, Action, Adventure",107,6.7,65,38276
"Love, Simon",2018,"Comedy, Drama, Romance",110,7.6,72,85377
Rampage,2018,"Action, Adventure, Sci-Fi",107,6.1,45,121803
The Professor,2018,"Comedy, Drama",90,6.7,37,12048
Gifted,2017,Drama,101,7.6,60,85964
Death Wish,2018,"Action, Crime, Drama",107,6.4,31,53347
Rust Creek,2018,"Drama, Horror, Thriller",108,5.8,59,3485
The Two Popes,2019,Drama,125,7.6,83,121
Asher II,2018,"Action, Drama, Thriller",104,5.4,58,1663
Life I ,2017,"Horror, Sci-Fi, Thriller",104,6.6,54,187082
Luce,2019,Drama,109,7.2,73,1162
Isle of Dogs,2018,"Animation, Adventure, Comedy",101,7.9,82,114651
Maze Runner: The Death Cure,2018,"Action, Sci-Fi, Thriller",143,6.2,50,95366
Unplanned,2019,"Biography, Drama",109,5.8,10,9869
On the Basis of Sex,2018,"Biography, Drama",120,6.9,59,15003
The Post,2017,"Biography, Drama, History",116,7.2,83,111978
Light of My Life,2019,Drama,119,6.6,67,2538
Polaroid I ,2019,"Drama, Horror, Thriller",88,5.1,,4649
You Can Choose Your Family,2018,Comedy,109,5.7,41,378
Outlaw King,2018,"Action, Biography, Drama",121,6.9,59,47716
The Glass Castle,2017,"Biography, Drama",127,7.1,56,24930
Night School,2018,Comedy,111,5.6,43,26902
Jigsaw I ,2017,"Horror, Mystery, Thriller",92,5.8,39,59550
Christopher Robin,2018,"Adventure, Comedy, Drama",104,7.3,60,57275
Siberia,2018,"Crime, Romance, Thriller",104,4.3,34,9754
Assassination Nation,2018,"Action, Comedy, Crime",108,5.9,56,10832
Hell Fest,2018,Horror,89,5.5,26,9893
Mowgli,2018,"Adventure, Drama, Fantasy",104,6.5,51,48248
Them That Follow,2019,Thriller,98,5.4,58,505
Missing Link,2019,"Animation, Adventure, Comedy",93,6.7,68,8100
The Beguiled,2017,"Drama, Thriller",93,6.3,77,44749
A Wrinkle in Time,2018,"Adventure, Family, Fantasy",109,4.2,53,36335
Life Itself,2018,"Drama, Romance",117,6.6,21,10883
After the Wedding,2019,Drama,112,5.9,51,611
Hotel Transylvania 3: Summer Vacation,2018,"Animation, Adventure, Comedy",97,6.3,54,45487
Charlie Says,2018,"Biography, Crime, Drama",110,5.7,57,1213
The Wind II,2018,"Horror, Western",86,5.5,66,3372
The Grinch,2018,"Animation, Family, Fantasy",85,6.3,51,32876
Adrift I ,2018,"Action, Adventure, Biography",96,6.6,56,37099
The Haunting of Sharon Tate,2019,"Drama, Horror, Thriller",94,2.9,8,2054
Skyscraper,2018,"Action, Adventure, Thriller",102,5.8,51,87020
The Nutcracker and the Four Realms,2018,"Adventure, Family, Fantasy",99,5.5,39,21720
Smallfoot,2018,"Animation, Adventure, Comedy",96,6.6,60,26239
War for the Planet of the Apes,2017,"Action, Adventure, Drama",140,7.4,82,207081
Suburbicon,2017,"Comedy, Crime, Drama",105,5.6,42,32981
Eighth Grade,2018,"Comedy, Drama",93,7.4,89,47626
Unsane,2018,"Drama, Horror, Mystery",98,6.4,63,33788
Bad Samaritan,2018,"Crime, Horror, Thriller",110,6.4,42,14635
Happy Death Day 2U,2019,"Comedy, Horror, Mystery",100,6.2,57,36541
Pacific Rim: Uprising,2018,"Action, Adventure, Sci-Fi",111,5.6,44,92919
Blockers,2018,Comedy,102,6.2,69,60083
Bigger,2018,"Biography, Drama",107,6.4,37,1491
American Woman,2018,Drama,111,6.5,67,667
Tully,2018,"Comedy, Drama, Mystery",95,7.0,75,43752
The Commuter I ,2018,"Action, Mystery, Thriller",105,6.3,56,87143
Overboard,2018,"Comedy, Romance",112,5.9,42,27916
Wine Country,2019,Comedy,103,5.4,56,14533
The Death of Stalin,2017,"Comedy, Drama, History",107,7.2,88,66345
The Kid II,2019,"Biography, Drama, Western",100,5.9,51,3682
Burn II,2019,Thriller,88,5.6,50,1030
Nightmare Cinema,2018,Horror,119,5.4,60,1542
All the Money in the World,2017,"Biography, Crime, Drama",132,6.8,72,62593
Vox Lux,2018,"Drama, Music",114,6.0,67,11299
Escape Plan 2: Hades,2018,"Action, Crime, Mystery",96,3.8,,22503
Leave No Trace,2018,Drama,109,7.2,88,36899
The Possession of Hannah Grace,2018,"Horror, Mystery, Thriller",86,5.2,37,13878
If Beale Street Could Talk,2018,"Drama, Romance",119,7.2,87,29612
The Sun Is Also a Star,2019,"Drama, Romance",100,5.6,52,2385
Shot Caller,2017,"Crime, Drama, Thriller",121,7.3,59,60955
London Fields,2018,"Crime, Mystery, Thriller",118,4.3,16,3455
Goosebumps 2: Haunted Halloween,2018,"Adventure, Comedy, Family",90,5.6,53,13095
Wildlife,2018,Drama,105,6.9,80,16718
Unlocked I ,2017,"Action, Drama, Mystery",98,6.2,46,24878
Poms,2019,"Comedy, Drama, Sport",90,5.7,36,2002
The Layover I ,2017,"Comedy, Romance",88,4.7,15,10777
Triple Threat,2019,"Action, Thriller",96,5.5,60,6644
Alpha,2018,"Adventure, Drama, Family",96,6.7,63,45421
Jacob's Ladder,2019,"Drama, Horror, Mystery",89,3.1,31,959
The Emoji Movie,2017,"Animation, Adventure, Comedy",86,3.2,12,49854
"Juliet, Naked",2018,"Comedy, Drama, Music",97,6.6,67,13644
The Big Sick,2017,"Comedy, Drama, Romance",120,7.6,86,107131
Disobedience,2017,"Drama, Romance",114,6.6,74,19841
Drunk Parents,2019,Comedy,97,3.7,,2793
The Cloverfield Paradox,2018,"Drama, Horror, Mystery",102,5.5,37,85730
The First Purge,2018,"Action, Horror, Sci-Fi",98,5.1,54,44489
Book Club I ,2018,"Comedy, Drama, Romance",104,6.1,53,20598
Thoroughbreds,2017,"Crime, Drama, Thriller",92,6.7,75,26896
The Square,2017,"Comedy, Drama",151,7.2,73,45807
Little I ,2019,"Comedy, Fantasy, Romance",109,5.4,49,6348
The Florida Project,2017,Drama,111,7.6,92,75093
Cult of Chucky,2017,"Comedy, Fantasy, Horror",91,5.1,69,18073
Johnny English Strikes Again,2018,"Action, Adventure, Comedy",89,6.2,39,51537
The Kid Who Would Be King,2019,"Action, Adventure, Family",120,6.0,66,10045
The Circle I ,2017,"Drama, Sci-Fi, Thriller",110,5.3,43,74689
What Men Want,2019,"Comedy, Fantasy, Romance",117,5.1,49,13223
The Book of Henry,2017,"Crime, Drama, Thriller",105,6.6,31,20781
22 July,2018,"Crime, Drama, History",143,6.7,69,21294
The House with a Clock in Its Walls,2018,"Comedy, Fantasy, Horror",105,6.0,57,35948
The Best of Enemies,2019,"Biography, Drama, History",133,7.0,49,4042
It Comes at Night,2017,"Horror, Mystery",91,6.2,78,71241
CHIPS,2017,"Action, Comedy, Crime",100,6.0,28,38205
Wonder Park,2019,"Animation, Adventure, Comedy",85,5.8,45,6048
Home Again,2017,"Comedy, Drama, Romance",97,5.8,41,23822
The Prodigy,2019,"Horror, Thriller",92,5.9,45,15361
Slender Man,2018,"Horror, Mystery, Thriller",93,3.2,30,21657
"Don't Worry, He Won't Get Far on Foot",2018,"Biography, Comedy, Drama",114,6.9,67,15771
Lying and Stealing,2019,"Crime, Drama",100,5.2,50,1596
A Vigilante,2018,"Crime, Drama, Mystery",91,5.6,68,3625
The Darkest Minds,2018,"Action, Adventure, Drama",104,5.7,39,23682
The World We Make,2019,Drama,108,4.4,,231
Despicable Me 3,2017,"Animation, Adventure, Comedy",89,6.3,49,97015
I Feel Pretty,2018,"Comedy, Romance",110,5.5,48,41925
Tone-Deaf,2019,"Comedy, Horror, Thriller",87,4.8,,981
The Lego Batman Movie,2017,"Animation, Action, Comedy",104,7.3,75,119596
Stuber,2019,"Action, Comedy, Crime",93,6.2,42,9147
Mary Shelley,2017,"Biography, Drama, History",120,6.4,49,9559
Insidious: The Last Key,2018,"Horror, Mystery, Thriller",103,5.7,49,44498
Finding Steve McQueen,2019,"Crime, Romance",91,6.2,56,2177
The Wife I ,2017,Drama,99,7.2,77,27857
The 15:17 to Paris,2018,"Biography, Drama, Thriller",94,5.2,45,23294
Gotti,2018,"Biography, Crime, Drama",112,4.8,24,11206
Teen Spirit,2018,"Drama, Music",93,6.2,57,4891
Little Italy,2018,"Comedy, Romance",102,5.7,28,7137
Mary Magdalene,2018,Drama,120,5.8,48,6316
Cars 3,2017,"Animation, Adventure, Comedy",102,6.7,59,62617
City of Lies,2018,"Biography, Crime, Drama",112,6.3,,3121
Marshall,2017,"Biography, Crime, Drama",118,7.2,66,15365
Detroit,2017,"Crime, Drama, History",143,7.3,77,41872
Colette I ,2018,"Biography, Drama, History",111,6.7,74,14111
Life of the Party I ,2018,Comedy,105,5.6,46,27526
The Strangers: Prey at Night,2018,Horror,85,5.2,48,22840
Gloria Bell,2018,"Comedy, Drama, Romance",102,6.4,79,5714
The Weekend IV,2018,Comedy,87,5.2,,87
A Ghost Story,2017,"Drama, Fantasy, Romance",92,6.8,84,48453
Sierra Burgess Is a Loser,2018,"Comedy, Drama, Romance",105,5.9,60,29251
Battle of the Sexes,2017,"Biography, Comedy, Drama",121,6.7,73,44648
Voice from the Stone,2017,"Drama, Mystery, Thriller",94,5.2,42,8965
First Reformed,2017,"Drama, Mystery, Thriller",113,7.1,85,36367
A Private War,2018,"Biography, Drama, War",110,6.7,75,11642
Forever My Girl,2018,"Drama, Music, Romance",108,6.7,36,11459
Stockholm I ,2018,"Biography, Comedy, Crime",92,6.2,54,4773
Peter Rabbit,2018,"Animation, Adventure, Comedy",95,6.5,51,29134
Backtrace,2018,"Action, Crime, Drama",92,3.7,,2190
Stronger I ,2017,"Biography, Drama",119,6.9,76,35011
The Space Between Us I ,2017,"Drama, Romance, Sci-Fi",120,6.4,33,42731
Trial by Fire I ,2018,"Biography, Drama",127,6.7,51,964
The Boss Baby,2017,"Animation, Adventure, Comedy",97,6.3,50,96684
At Eternity's Gate,2018,"Biography, Drama",111,6.9,76,18926
American Animals,2018,"Biography, Crime, Drama",116,7.0,68,31246
Ophelia I ,2018,"Drama, History, Romance",114,7.0,60,3896
Ferdinand,2017,"Animation, Adventure, Comedy",108,6.7,58,41799
Girls Trip,2017,"Adventure, Comedy, Drama",122,6.2,71,30437
Paddington 2,2017,"Adventure, Comedy, Family",103,7.8,88,48698
Daddy's Home 2,2017,Comedy,100,6.0,30,51177
The Art of Self-Defense,2019,"Comedy, Drama, Sport",104,7.4,65,2476
Every Day,2018,"Drama, Fantasy, Romance",97,6.4,52,14711
Tulip Fever,2017,"Drama, History, Romance",105,6.2,38,15833
Unbelievable!!!!!,2018,"Comedy, Sci-Fi",105,5.5,,28
Mom and Dad,2017,"Comedy, Horror, Thriller",86,5.5,59,16789
Mudbound,2017,"Drama, War",134,7.4,85,35037
Hangman II,2017,"Crime, Mystery, Thriller",98,5.2,31,11053
Leatherface,2017,"Crime, Horror, Thriller",90,5.0,40,17029
Uncle Drew,2018,"Comedy, Sport",103,5.7,57,10439
Ingrid Goes West,2017,"Comedy, Drama",98,6.6,71,28333
Professor Marston and the Wonder Women,2017,"Biography, Drama",108,7.1,68,18885
Unfriended: Dark Web,2018,"Horror, Mystery, Thriller",92,5.9,53,15645
The Miracle Season,2018,"Drama, Sport",101,6.5,44,3584
Ben Is Back,2018,Drama,103,6.7,66,12885
Midnight Sun,2018,"Drama, Romance",91,6.6,38,17771
Crooked House,2017,"Crime, Drama, Mystery",115,6.3,59,14226
The Little Mermaid,2018,"Adventure, Drama, Fantasy",85,4.2,,6720
Welcome Home I ,2018,Thriller,97,5.2,38,3571
Song to Song I ,2017,"Drama, Music, Romance",129,5.7,54,16066
Winchester,2018,"Biography, Drama, Fantasy",99,5.4,28,25445
Gringo,2018,"Action, Comedy, Crime",111,6.1,46,22427
Wonder Wheel,2017,Drama,101,6.2,45,20771
We Die Young,2019,Drama,92,5.3,,1892
The Tomorrow Man,2019,"Drama, Romance",94,5.5,49,536
Tau,2018,"Sci-Fi, Thriller",97,5.8,43,21593
Victoria & Abdul,2017,"Biography, Drama, History",111,6.8,58,26695
Bodied,2017,"Comedy, Drama, Music",120,7.2,75,3861
Dead Water,2019,Thriller,,3.3,31,280
Super Troopers 2,2018,"Comedy, Crime, Mystery",99,6.1,41,21155
Flower I ,2017,"Comedy, Drama",90,6.0,45,5487
A Bad Moms Christmas,2017,Comedy,104,5.5,42,34286
The House I ,2017,"Comedy, Crime",88,5.6,30,35259
The Kill Team,2019,"Action, Drama, Thriller",87,7.3,67,76
Going in Style,2017,"Comedy, Crime",96,6.6,50,68296
I Think We're Alone Now,2018,"Drama, Mystery, Sci-Fi",93,5.7,51,5998
Head Full of Honey,2018,"Comedy, Drama",139,3.5,,692
I Still See You,2018,"Fantasy, Thriller",98,5.8,31,6067
Hot Summer Nights,2017,"Comedy, Crime, Drama",107,6.4,44,8628
Inconceivable,2017,"Drama, Thriller",105,5.2,,7175
The Little Hours,2017,"Comedy, Romance",90,5.8,69,16352
Blindspotting,2018,"Comedy, Crime, Drama",95,7.4,77,19418
Down a Dark Hall,2018,"Drama, Fantasy, Horror",96,5.1,56,9701
Changeland,2019,"Comedy, Drama",86,5.5,42,629
"Everything, Everything",2017,"Drama, Romance",96,6.4,52,28323
Killing Gunther,2017,"Action, Comedy, Thriller",92,4.7,53,9315
The Mountain Between Us,2017,"Drama, Romance",112,6.4,48,58703
The Super,2017,"Horror, Mystery, Thriller",90,6.0,47,11361
I Can Only Imagine,2018,"Biography, Drama, Family",110,7.4,30,11997
The Public,2018,Drama,119,6.4,47,1706
Private Life,2018,"Comedy, Drama",123,7.3,83,11092
Loving Vincent,2017,"Animation, Biography, Crime",94,7.8,62,41937
Before I Fall,2017,"Drama, Fantasy, Mystery",98,6.4,58,40468
A-X-L,2018,"Action, Adventure, Family",98,5.2,29,7786
HHhH,2017,"Action, Biography, Thriller",120,6.4,,11492
The Bye Bye Man,2017,"Drama, Fantasy, Horror",96,4.3,37,18456
My Friend Dahmer,2017,Drama,107,6.2,68,12849
Time Freak,2018,"Comedy, Drama, Romance",104,5.8,,4266
The Hurricane Heist,2018,"Action, Adventure, Crime",103,5.1,35,16246
The Shack I ,2017,"Drama, Fantasy",132,6.3,32,26769
Future World,2018,"Action, Adventure, Sci-Fi",90,3.1,10,4569
My Days of Mercy,2017,"Drama, Romance",108,6.3,,1136
Beyond Skyline,2017,"Action, Adventure, Horror",106,5.3,46,15807
The Kindergarten Teacher,2018,Drama,96,6.7,75,9696
Kin I ,2018,"Action, Crime, Drama",102,5.8,35,10467
Lizzie,2018,"Biography, Crime, Drama",105,5.8,59,4685
Nobody's Fool,2018,"Comedy, Drama, Romance",110,4.7,39,4324
Killerman,2019,"Action, Crime, Drama",112,5.2,42,310
211,2018,"Action, Crime, Drama",86,4.4,21,5674
Patti Cake$,2017,"Drama, Music",109,6.8,67,8797
He's Out There,2018,"Horror, Thriller",89,5.2,,5217
A Prayer Before Dawn,2017,"Biography, Crime, Drama",116,6.9,76,16078
The Zookeeper's Wife,2017,"Biography, Drama, History",127,7.0,57,33138
Stano,2019,Drama,111,5.3,58,239
Entebbe,2018,"Action, Drama, History",107,5.8,49,11113
The Catcher Was a Spy,2018,"Biography, Drama, War",98,6.2,49,5178
Action Point,2018,Comedy,85,5.1,36,7663
2:22,2017,Thriller,98,5.8,,16905
Blaze,2018,"Biography, Drama, Music",129,6.6,75,1912
Fist Fight,2017,Comedy,91,5.6,37,35992
Superfly,2018,"Action, Crime, Thriller",116,5.1,52,5127
Teen Titans Go! To the Movies,2018,"Animation, Action, Comedy",84,6.8,69,13673
Vault,2019,"Crime, Drama",99,5.4,,877
Zoe I ,2018,"Romance, Sci-Fi",104,6.1,39,5872
Sherlock Gnomes,2018,"Animation, Adventure, Comedy",86,5.1,36,8533
Ode to Joy,2019,Comedy,97,6.2,38,694
Aftermath IV,2017,"Drama, Thriller",94,5.7,44,18630
Just Getting Started,2017,"Action, Comedy",91,4.4,21,5084
"Roman J. Israel, Esq.",2017,"Crime, Drama, Thriller",122,6.4,58,24618
Fast Color,2018,"Drama, Sci-Fi, Thriller",100,5.8,65,1593
Trafficked,2017,"Drama, Thriller",104,5.5,38,845
Little Woods,2018,"Crime, Drama, Western",105,6.1,74,1187
Big Kill,2018,"Action, Western",126,5.2,42,594
The Domestics,2018,"Action, Horror, Sci-Fi",95,5.7,,6975
All Eyez on Me,2017,"Biography, Drama, Music",139,5.8,38,19058
Thank You for Your Service I ,2017,"Biography, Drama, War",109,6.5,68,10455
General Commander,2019,Action,81,3.5,,373
Last Flag Flying,2017,"Comedy, Drama, War",125,6.9,65,19688
Kidnap,2017,"Crime, Drama, Thriller",95,5.9,44,29859
Donnybrook,2018,"Drama, Thriller",101,5.4,53,938
Photograph,2019,"Drama, Romance",110,6.9,65,2168
Beirut,2018,"Drama, Thriller",109,6.4,69,15798
A Madea Family Funeral,2019,Comedy,109,4.3,39,2731
The Only Living Boy in New York,2017,Drama,89,6.3,33,9195
Dog Days I ,2018,"Comedy, Drama, Romance",113,6.2,47,3095
Overdrive,2017,"Action, Thriller",93,5.4,,10670
The Clapper I ,2017,Comedy,89,5.1,21,5007
Share I ,2019,Thriller,87,5.5,73,903
Traffik,2018,"Action, Crime, Drama",96,6.0,37,17033
Snatched,2017,"Action, Adventure, Comedy",90,4.5,45,30750
Acts of Vengeance,2017,"Action, Drama, Thriller",87,5.7,49,8167
Acrimony,2018,"Drama, Romance, Thriller",120,5.7,32,6674
Captain Underpants: The First Epic Movie,2017,"Animation, Action, Comedy",89,6.2,69,22606
Rings,2017,"Drama, Horror, Mystery",102,4.5,25,34899
Family II,2018,Comedy,85,6.3,60,930
Prey V ,2019,"Adventure, Horror, Mystery",85,6.5,,13
Bennett's War,2019,Sport,94,5.2,,139
Reprisal I ,2018,"Action, Crime, Thriller",89,4.2,19,4588
Elizabeth Harvest,2018,"Horror, Sci-Fi, Thriller",105,5.7,54,4482
How to Talk to Girls at Parties,2017,"Comedy, Music, Romance",102,5.7,50,7874
Blind II,2017,"Drama, Romance",98,5.8,36,3108
Delirium I ,2018,"Horror, Thriller",96,5.7,,4842
Body at Brighton Rock,2019,"Horror, Thriller",87,4.6,53,726
Blue Night,2018,"Drama, Music, Romance",91,4.3,45,934
Breaking In,2018,"Action, Crime, Drama",88,5.4,42,10920
The Tracker,2019,"Action, Thriller",95,3.3,,276
Mark Felt: The Man Who Brought Down the White House,2017,"Biography, Drama, History",103,6.4,49,9919
Wildling,2018,"Drama, Fantasy, Horror",92,5.5,58,9642
Same Kind of Different as Me,2017,"Biography, Drama",119,6.5,47,4721
Wonderstruck,2017,"Drama, Mystery",116,6.2,71,8403
Brian Banks,2018,"Biography, Drama, Sport",99,6.4,58,519
Primal Rage,2018,"Action, Adventure, Horror",106,4.9,,2337
"I Love You, Daddy",2017,"Comedy, Drama",123,6.3,56,3276
The Hero I ,2017,"Drama, Romance",96,6.5,61,7039
The Seagull I ,2018,"Comedy, Drama, Romance",98,5.8,58,2253
The Con Is On,2018,Comedy,90,4.7,,5800
How to Be a Latin Lover,2017,"Comedy, Drama",115,5.9,54,12117
Wish Upon,2017,"Drama, Fantasy, Horror",90,5.0,32,15542
The Wall II,2017,"Action, Drama, Thriller",88,6.2,57,20954
Jeremiah Terminator LeRoy,2018,"Biography, Drama",108,5.5,55,950
Please Stand By,2017,"Comedy, Drama",93,6.7,49,8812
Piercing,2018,"Horror, Mystery, Thriller",81,5.6,63,4096
My Little Pony: The Movie,2017,"Animation, Adventure, Comedy",99,6.1,39,5294
Spinning Man,2018,"Drama, Mystery, Thriller",100,5.6,44,7259
"Paul, Apostle of Christ",2018,"Adventure, Biography, Drama",108,6.6,52,5968
The Other Side of the Wind,2018,Drama,122,6.9,78,4881
Sleepless II,2017,"Action, Crime, Thriller",95,5.6,34,26529
The Death of Dick Long,2019,"Comedy, Crime, Drama",100,6.8,76,150
Father Figures,2017,"Comedy, Drama, Sport",113,5.5,22,14989
The Lego Ninjago Movie,2017,"Animation, Action, Adventure",101,6.0,55,19803
Kickboxer: Retaliation,2018,"Action, Drama",110,5.0,54,3643
Renegades,2017,"Action, Adventure, Crime",106,5.4,33,7550
The Rider,2017,"Drama, Western",104,7.4,92,10747
Woman Walks Ahead,2017,"Biography, Drama, History",101,6.6,51,4230
Shock and Awe,2017,"Biography, Drama, History",90,6.1,47,3974
Life Like,2019,"Sci-Fi, Thriller",95,5.4,,771
Damsel I ,2018,"Adventure, Comedy, Crime",113,5.6,63,2594
The Gallows Act II,2019,"Horror, Mystery, Thriller",,7.1,,25
The Children Act,2017,Drama,105,6.7,62,8304
24 Hours to Live,2017,"Action, Sci-Fi, Thriller",93,5.7,37,10662
Reign of the Supermen,2019,"Animation, Action, Sci-Fi",87,6.8,,7991
Escape Room II,2017,"Horror, Thriller",81,4.2,,6676
Day of the Dead: Bloodline,2018,Horror,90,3.4,,8684
Bent I ,2018,"Crime, Thriller",96,5.4,,3653
The Yellow Birds,2017,"Drama, War",94,5.7,56,2669
Early Man,2018,"Animation, Adventure, Comedy",89,6.1,68,16640
Singularity I ,2017,"Action, Adventure, Drama",92,3.9,,12451
Beach Rats,2017,Drama,98,6.4,78,9971
Beloved Beast,2018,Horror,173,2.9,,117
Brad's Status,2017,"Comedy, Drama, Music",102,6.5,71,13914
The Reliant,2019,Action,,2.6,,228
Megan Leavey,2017,"Biography, Drama, War",116,7.1,66,19516
American Satan,2017,"Drama, Music, Thriller",111,5.5,,2730
Diary of a Wimpy Kid: The Long Haul,2017,"Comedy, Family",91,4.4,39,5893
Darkness Visible,2019,Thriller,107,5.5,,202
Sidney Hall,2017,"Drama, Mystery, Romance",119,6.9,18,7766
Mickey and the Bear,2019,Drama,88,7.5,,79
The Humanity Bureau,2017,"Action, Adventure, Sci-Fi",95,5.1,,7791
Warning Shot,2018,"Drama, Thriller",90,5.1,,926
Purge of Kingdoms: The Unauthorized Game of Thrones Parody,2019,Comedy,85,2.3,,320
UFO,2018,"Drama, Mystery, Sci-Fi",88,6.2,,7256
Proud Mary,2018,"Action, Crime, Drama",89,4.9,35,7122
XX,2017,Horror,80,4.5,64,10056
My Cousin Rachel,2017,"Drama, Mystery, Romance",106,6.0,63,15934
Where Is Kyra?,2017,Drama,98,5.5,72,1218
Una Mujer Fantástica,2017,Drama,104,7.2,86,19054
Looking Glass I ,2018,"Mystery, Thriller",103,4.5,33,4267
Mara I ,2018,"Crime, Horror, Thriller",98,5.1,32,4927
The Row I ,2018,"Horror, Thriller",85,3.3,,957
Monsters and Men,2018,"Crime, Drama, Thriller",96,5.7,68,1409
I See You II,2019,"Horror, Thriller",96,6.6,,177
Disney's Newsies the Broadway Musical,2017,Musical,149,8.6,,1505
Mary I ,2019,Horror,84,5.5,,29
Social Animals I ,2018,Comedy,90,5.2,37,1165
The Neighbor I ,2018,"Romance, Thriller",105,5.3,,3597
Table 19,2017,"Comedy, Drama, Romance",87,5.8,40,23529
Fun Mom Dinner,2017,Comedy,81,5.2,46,4068
Sweetheart I ,2019,"Horror, Thriller",82,6.4,,71
The Oath,2018,"Comedy, Thriller",93,5.3,58,3077
Novitiate,2017,Drama,123,6.6,73,3201
An Evening with Beverly Luff Linn,2018,"Comedy, Crime",108,5.7,54,2798
The Dinner I ,2017,"Crime, Drama, Thriller",120,4.5,57,6721
Support the Girls,2018,"Comedy, Drama",93,6.4,85,5027
Security I ,2017,"Action, Crime, Thriller",88,5.7,,13777
Sword of Trust,2019,"Comedy, Drama",88,6.3,70,757
Samson,2018,"Action, Drama",110,4.4,17,3665
Bullet Head,2017,"Crime, Drama, Thriller",93,5.4,51,6737
Hearts Beat Loud,2018,"Comedy, Drama, Music",97,6.9,65,7324
Sniper: Ultimate Kill,2017,"Action, Drama, Thriller",90,5.6,,2052
Status Update II,2018,"Comedy, Fantasy, Romance",106,5.7,,3144
Amityville: The Awakening,2017,"Horror, Thriller",85,4.8,42,11288
Smurfs: The Lost Village,2017,"Animation, Adventure, Comedy",90,6.0,40,16101
Dog Years I ,2017,Drama,94,6.9,46,2821
Stephanie I ,2017,"Horror, Mystery",86,5.8,,4085
The Ottoman Lieutenant,2017,"Drama, War",106,6.6,26,23004
See You Soon II,2019,"Drama, Romance",107,4.6,29,221
Black Water,2018,"Action, Drama, Thriller",104,4.6,16,3270
Saving Zoë,2019,Drama,95,4.8,,405
Black Butterfly II,2017,"Mystery, Thriller",93,6.1,43,10797
The Extraordinary Journey of the Fakir,2018,"Comedy, Drama",92,6.9,56,4594
Chappaquiddick,2017,"Drama, History, Thriller",106,6.5,67,10063
The Scorpion King: Book of Souls,2018,"Action, Adventure, Fantasy",102,4.6,,1692
Tyler Perry's Boo 2! A Madea Halloween,2017,"Comedy, Drama, Horror",101,3.7,17,3542
Kill'em All,2017,"Action, Crime, Mystery",96,4.3,,1834
Canal Street,2018,"Drama, Thriller",89,3.9,,176
Rebel in the Rye,2017,"Biography, Drama, Romance",106,6.6,46,6747
A Kid Like Jake,2018,"Drama, Family",92,5.3,60,2122
The Breadwinner,2017,"Animation, Drama, Family",94,7.7,78,15107
What They Had,2018,Drama,101,6.6,69,2382
Batman Ninja,2018,"Animation, Action",85,5.6,,14701
Our House I ,2018,"Drama, Horror, Sci-Fi",90,5.3,45,4353
Seven in Heaven,2018,"Drama, Horror, Mystery",94,5.3,,1487
Imprisoned,2018,Thriller,104,7.0,28,20
Step Sisters,2018,Comedy,108,5.4,,3488
Small Town Crime,2017,"Crime, Mystery, Thriller",91,6.6,68,8600
Untogether,2018,Drama,98,5.2,46,887
Batman: Gotham by Gaslight,2018,"Animation, Action, Adventure",78,6.7,,11143
Higher Power,2018,"Action, Sci-Fi, Thriller",93,5.4,,2309
S.W.A.T.: Under Siege,2017,"Action, Crime, Thriller",89,4.5,,1827
SPF-18,2017,Romance,75,3.3,,3532
The Pirates of Somalia,2017,"Biography, Drama",116,6.8,54,7488
Keep Watching,2017,"Horror, Thriller",89,4.3,,3533
Mr. Roosevelt,2017,Comedy,90,6.2,73,2020
Death House,2017,"Action, Crime, Horror",95,3.0,,1069
Sweet Virginia,2017,"Drama, Thriller",93,6.2,72,6359
No manches Frida 2,2019,Comedy,102,3.9,,599
The Hunter's Prayer,2017,"Action, Crime, Drama",91,5.5,35,6640
November Criminals,2017,"Crime, Drama, Mystery",107,5.3,31,6978
Starship Troopers: Traitor of Mars,2017,"Animation, Action, Sci-Fi",88,5.5,,4435
Tragedy Girls,2017,"Comedy, Crime, Horror",98,6.0,58,7200
Justice League vs. the Fatal Five,2019,"Animation, Action, Fantasy",77,6.5,,4843
El Chicano,2018,Drama,108,5.3,46,628
Woody Woodpecker,2017,"Animation, Comedy, Family",91,4.1,,2861
Little Women,2018,"Drama, Family",112,5.0,40,713
Puzzle II,2018,Drama,103,6.7,66,4234
Boarding School,2018,"Horror, Mystery",111,5.7,45,2294
Kings,2017,"Crime, Drama, Romance",86,4.9,34,2366
The Tribes of Palos Verdes,2017,Drama,104,5.8,49,1793
The Buddy Games,2019,Comedy,90,7.4,,19
Gemini II,2017,"Crime, Drama, Mystery",93,5.4,71,3763
A Happening of Monumental Proportions,2017,"Comedy, Drama",81,4.6,35,507
We the Animals,2018,Drama,94,6.9,83,2895
Braid,2018,"Horror, Mystery, Thriller",82,5.4,60,1530
Attrition,2018,Action,90,4.3,,485
All About Nina,2018,"Comedy, Drama, Romance",97,6.0,70,1253
All Rise,2018,Drama,98,6.2,,59
The Star,2017,"Animation, Adventure, Comedy",86,6.1,42,5327
The Fighting Preacher,2019,"Comedy, Drama, History",,8.0,,67
Submission II,2017,Drama,106,5.6,52,881
Arsenal,2017,"Action, Crime, Thriller",97,4.0,25,3634
Batman and Harley Quinn,2017,"Animation, Action, Adventure",74,5.9,,9707
Beast of Burden,2018,"Action, Crime, Drama",89,3.6,,2265
Unbroken: Path to Redemption,2018,"Biography, Drama, History",98,5.8,39,1641
Run the Race,2018,"Drama, Sport",101,5.9,35,907
Brigsby Bear,2017,"Comedy, Drama",97,7.3,68,14031
Benchwarmers 2: Breaking Balls,2019,"Comedy, Sport",91,4.3,,149
The Institute,2017,Thriller,90,4.1,,2311
Slice,2018,"Comedy, Crime, Fantasy",83,4.5,61,2255
Free Dance,2018,Romance,,7.2,,52
Backstabbing for Beginners,2018,"Drama, History, Romance",108,6.2,48,3507
The Lovers I ,2017,"Comedy, Drama, Romance",97,6.1,76,2883
Scorched Earth,2018,"Action, Sci-Fi",96,4.7,32,2477
The True Adventures of Wolfboy,2019,Drama,,6.9,,29
After Darkness,2018,"Drama, Family, Sci-Fi",98,3.3,,384
Rememory,2017,"Drama, Mystery, Sci-Fi",111,6.2,48,13554
Woodshock,2017,"Drama, Thriller",100,4.2,39,1287
American Exit,2019,"Adventure, Drama",86,4.7,,247
Battlecreek,2017,"Drama, Romance",97,5.7,,802
The Case for Christ,2017,"Biography, Drama",112,6.2,50,6716
Escape Room I ,2017,Horror,86,4.3,,2269
Furlough,2018,"Comedy, Drama",83,5.9,,1296
The Ballad of Lefty Brown,2017,"Action, Drama, Western",111,6.2,64,4131
We Don't Belong Here,2017,"Drama, Mystery",92,4.9,,590
Dead Trigger,2017,"Action, Horror, Sci-Fi",91,3.7,,667
The Last Word,2017,"Comedy, Drama",108,6.6,40,6550
The Outcasts,2017,Comedy,95,5.5,47,3185
Half Magic,2018,"Comedy, Romance",94,4.6,49,952
6 Below: Miracle on the Mountain,2017,"Adventure, Biography, Drama",98,5.7,40,5165
L'insulte,2017,"Crime, Drama, Thriller",113,7.7,72,11775
The Pages,2018,"Drama, Thriller",102,5.0,40,544
Gosnell: The Trial of America's Biggest Serial Killer,2018,"Crime, Drama",93,6.7,,3827
Troop Zero,2019,"Comedy, Drama, Family",94,7.5,,52
God Bless the Broken Road,2018,"Drama, Family, Romance",111,5.3,31,682
Never Goin' Back,2018,"Comedy, Crime, Drama",85,6.0,62,1783
Indivisible II,2018,"Drama, War",119,5.6,53,894
Band Aid,2017,"Comedy, Drama, Music",91,6.6,67,4687
Measure of a Man,2018,"Comedy, Drama",100,6.3,53,868
Hala,2019,Drama,94,4.0,75,106
Saint Judy,2018,"Biography, Drama",106,5.7,51,406
Affairs of State,2018,Drama,97,4.5,,579
Gnome Alone,2017,"Animation, Adventure, Comedy",85,5.6,,1973
The Other Side of Heaven 2: Fire of Faith,2019,"Adventure, Biography, Drama",110,5.6,,160
Armed Response,2017,"Action, Horror, Thriller",93,3.7,13,1782
Krystal,2017,"Comedy, Drama",90,5.3,39,978
The Strange Ones,2017,"Drama, Thriller",81,5.0,57,2019
"Rock, Paper, Scissors",2017,"Horror, Thriller",85,4.1,,210
God's Not Dead: A Light in Darkness,2018,Drama,105,4.4,33,2827
Skate Kitchen,2018,Drama,106,6.8,72,2491
The Keeping Hours,2017,"Drama, Fantasy, Horror",91,6.2,,2282
I Hate Kids,2019,"Adventure, Comedy",89,6.1,12,1397
Bad Kids of Crestview Academy,2017,"Action, Comedy, Thriller",100,6.2,22,2451
Walking Out I ,2017,"Adventure, Drama, Mystery",95,5.8,79,4836
Dragonheart: Battle for the Heartfire,2017,Fantasy,98,5.3,,1711
I Do... Until I Don't,2017,Comedy,106,4.6,43,1103
The Wolf Hour,2019,"Drama, Mystery, Thriller",99,5.0,,242
Tiger,2018,Drama,100,4.7,,318
Boundaries I ,2018,"Comedy, Drama",104,4.9,50,1738
Beatriz at Dinner,2017,"Comedy, Drama",82,6.0,68,8151
Grand-Daddy Day Care,2019,"Comedy, Family",96,4.8,,207
Scales: Mermaids Are Real,2017,"Adventure, Family, Fantasy",92,4.8,,355
Between Earth and Sky,2018,"Drama, Horror, Mystery",97,6.3,,54
The Pilgrim's Progress,2019,"Animation, Adventure, Family",108,4.9,,222
The Crucifixion,2017,"Horror, Mystery, Thriller",90,5.1,,6210
All I Wish,2017,"Comedy, Drama, Romance",94,5.1,49,941
Golden Exits,2017,Drama,94,5.8,71,1586
In Search of Fellini,2017,"Adventure, Drama, Romance",93,6.2,55,1617
Best F(r)iends: Volume 1,2017,"Comedy, Drama, Thriller",108,5.5,,2141
Bolden,2019,Drama,108,5.4,50,266
Duck Duck Goose I ,2018,"Animation, Adventure, Comedy",91,5.7,,2523
The Son of Bigfoot,2017,"Animation, Adventure, Comedy",92,6.1,,4395
The Etruscan Smile,2018,Drama,107,6.8,,558
Pottersville,2017,Comedy,84,5.3,,2941
Show Dogs,2018,"Adventure, Comedy, Family",92,3.6,31,3596
Blood Money IV,2017,"Crime, Drama, Thriller",100,4.4,42,1709
Cartels,2017,"Action, Crime, Mystery",95,3.8,,1207
A Boy. A Girl. A Dream.,2018,Romance,89,4.7,65,260
To Dust,2018,"Comedy, Drama",105,5.7,66,470
Lady-Like,2017,"Comedy, Romance",82,5.7,,1460
Realms,2017,"Horror, Mystery",90,4.0,,476
High on the Hog,2019,"Action, Crime, Drama",85,3.7,,140
Wilson I ,2017,"Comedy, Drama",94,5.8,49,9142
The Sandman II,2017,Horror,90,4.5,,1151
Kill Switch I ,2017,"Action, Sci-Fi, Thriller",91,4.8,31,6427
The Great Alaskan Race,2019,"Action, Adventure, Drama",87,8.1,,11
Battle Drone,2018,"Action, Sci-Fi",93,5.7,,2007
Gone Are the Days,2018,Western,99,5.1,,735
The Marine 6: Close Quarters,2018,"Action, Drama",85,4.8,,876
Pray for Rain,2017,"Drama, Mystery, Thriller",92,5.1,,719
Crash Pad I ,2017,Comedy,91,5.7,46,2296
The Protector,2019,Romance,126,5.5,,132
Bitch I ,2017,"Comedy, Drama, Thriller",93,5.0,55,1532
Extortion,2017,"Action, Adventure, Crime",108,6.2,,5980
Bring It On: Worldwide #Cheersmack,2017,"Comedy, Romance, Sport",95,4.3,,1057
The Long Dumb Road,2018,Comedy,90,6.0,64,1599
Phoenix Forgotten,2017,"Horror, Mystery, Sci-Fi",87,5.2,33,4892
Last Rampage: The Escape of Gary Tison,2017,"Crime, Drama, Mystery",93,5.7,50,1233
An Ordinary Man,2017,"Drama, Thriller, War",90,5.4,52,1386
True to the Game,2017,Drama,108,5.1,,514
Little Bitches,2018,Comedy,86,3.9,,587
Wild Nights with Emily,2018,"Comedy, History",84,6.3,74,351
All Saints,2017,Drama,108,6.0,63,1297
The Iron Orchard,2018,"Drama, History, Romance",112,5.5,43,162
Highway to Havasu,2017,"Adventure, Comedy, Drama",108,3.6,,187
Norm of the North: Keys to the Kingdom,2017,"Animation, Adventure, Comedy",91,2.9,,494
The Wilde Wedding,2017,"Comedy, Romance",95,5.0,31,1534
"Faith, Hope & Love",2019,"Comedy, Romance",106,6.5,,39
Max 2: White House Hero,2017,Family,85,5.2,,1042
Stuck IV,2017,"Drama, Musical",90,5.8,36,249
Sgt. Stubby: An American Hero,2018,"Animation, Adventure, Family",84,6.9,58,1464
Benjamin II,2019,"Comedy, Drama",85,3.3,,115
Feed,2017,Drama,95,6.2,,2048
Kinky,2018,"Drama, Romance",93,2.9,,135
The Scent of Rain & Lightning,2017,"Drama, Mystery, Western",100,5.0,,708
Slumber I ,2017,Horror,84,4.6,,3178
Honey: Rise Up and Dance,2018,"Drama, Music",100,5.1,,490
The Stray,2017,"Drama, Family",92,5.3,,867
Crown Vic,2019,"Action, Crime, Drama",100,5.9,,26
Permanent,2017,Comedy,93,5.5,41,1529
Let There Be Light I ,2017,Drama,100,4.7,,2249
Unbridled,2017,Drama,,6.8,,43
"Love, Kennedy",2017,Drama,92,6.5,,347
The Honor List,2018,Drama,103,5.5,,465
Killing Hasselhoff,2017,Comedy,80,4.4,,1884
Anything,2017,"Drama, Romance",94,5.9,60,496
Stuck XV,2018,Comedy,100,6.3,,38
Trouble I ,2017,"Comedy, Drama",100,4.2,60,176
Cops and Robbers,2017,Action,88,3.8,,316
Nostalgia I ,2018,Drama,114,5.4,47,823
A Question of Faith,2017,Drama,104,5.6,,850
Supercon,2018,"Action, Comedy",100,3.6,9,606
The Hatred,2017,"Drama, Horror, Mystery",90,3.6,,1879
Most Likely to Murder,2018,Comedy,90,5.1,,696
Where's the Money,2017,Comedy,86,5.1,,1527
Cliffs of Freedom,2019,Drama,137,6.3,,243
The Drone,2019,"Comedy, Horror",82,6.0,,39
Jekyll Island,2017,"Crime, Thriller",84,4.2,28,1107
Welcome the Stranger,2018,"Drama, Mystery",94,4.9,,1270
Dirt I ,2018,"Action, Drama, Sport",102,6.2,,884
Best F(r)iends: Volume 2,2018,"Comedy, Drama, Thriller",93,5.1,,613
This Is Your Death,2017,"Drama, Game-Show, Thriller",104,5.6,35,3547
Deep II,2017,"Animation, Adventure, Comedy",92,4.0,,1128
The Least of These: The Graham Staines Story,2019,Drama,112,6.2,,633
Blood Brother,2018,"Action, Crime, Drama",90,4.5,18,419
The Dare,2019,"Horror, Mystery, Thriller",,,419,
Altitude,2017,"Action, Crime, Thriller",88,4.0,,2784
Alex & Me,2018,"Family, Sport",76,5.4,,351
Chimera Strain,2018,"Drama, Sci-Fi, Thriller",80,5.4,,1374
All Nighter,2017,"Comedy, Drama",86,5.7,37,5404
Viper Club,2018,Drama,109,5.5,57,417
Ride V ,2018,Action,98,8.2,,75
Papa I ,2018,Drama,107,6.9,,28
Dirty Dealing 3D,2018,Drama,90,3.8,,152
Landline I ,2017,"Comedy, Drama",97,6.4,66,3641
Friday's Child,2018,"Crime, Drama",91,6.6,,165
Speech & Debate,2017,"Comedy, Drama",105,5.9,46,1112
Malevolence 3: Killer,2018,Horror,89,6.1,,1671
Monsters at Large,2018,Family,91,5.5,,224
Maine,2018,Drama,86,4.8,,323
Running Wild,2017,"Drama, Western",99,5.9,,1143
The Gracefield Incident,2017,"Action, Horror, Mystery",89,4.1,21,1935
Til Death Do Us Part II,2017,Thriller,101,4.5,,1036
Justice II,2017,Western,92,4.0,,750
Public Disturbance,2018,Comedy,84,3.0,,548
Cover Versions,2018,Mystery,87,5.4,,484
The Dip Run,2018,Comedy,96,2.7,,145
Anne,2018,Horror,80,6.2,,604
Aardvark,2017,Drama,89,4.5,37,438
Breakable You,2017,"Comedy, Drama",120,5.5,,248
Pistachio,2018,"Adventure, Family",85,5.3,,123
I Believe,2017,Family,89,4.8,,136
Crown Heights,2017,"Biography, Crime, Drama",94,6.5,64,1522
Change in the Air,2018,Drama,94,4.4,26,102
The Adventures of Jurassic Pet,2019,"Adventure, Family",84,3.5,,114
The Song of Sway Lake,2017,"Drama, Music, Romance",94,6.2,51,277
What Lies Ahead,2019,Thriller,88,3.4,,219
One Percent More Humid,2017,Drama,98,5.6,,442
Armed,2018,"Action, Thriller",118,3.3,,373
Finding Julia,2019,"Drama, Mystery",118,7.9,,50
Beyond Paradise,2018,"Drama, Romance",101,5.8,,327
A Mermaid's Tale,2017,"Adventure, Drama, Family",92,4.8,,333
A Cowgirl's Story,2017,Family,98,5.3,,414
Daisy Winters,2017,Drama,90,5.9,,106
Trico Tri Happy Halloween,2018,Family,89,4.5,,120
Grey Lady,2017,"Crime, Drama, Mystery",107,4.3,,705
Beautifully Broken,2018,Drama,108,5.8,,285
The Refuge,2019,"Crime, Drama, Thriller",98,8.7,,1193
"We Love You, Sally Carmichael!",2017,Comedy,84,6.1,,299
Tadeo Jones 2: El secreto del Rey Midas,2017,"Animation, Adventure, Comedy",85,6.1,,2231
Selah and The Spades,2019,Drama,97,6.1,,30
A Stork's Journey,2017,"Animation, Adventure, Comedy",85,5.8,,1350
Love Beats Rhymes,2017,"Drama, Musical",106,5.3,54,728
The Amendment,2018,Action,90,6.9,,31
Cinderella and the Secret Prince,2018,"Animation, Adventure, Family",90,4.5,,179
Deadman Standing,2018,"Biography, Thriller, Western",92,4.8,,172
The Good Catholic,2017,"Comedy, Drama",96,5.2,46,805
The Last Whistle,2019,"Drama, Sport",87,4.7,,133
House of Demons,2018,"Drama, Fantasy, Horror",90,3.6,,378
A Crooked Somebody,2017,"Drama, Thriller",102,6.2,74,592
Heartbeats,2017,"Comedy, Drama, Music",107,5.4,,591
The Black Prince,2017,"Drama, History",118,6.6,26,832
Different Flowers,2017,Comedy,99,5.2,,421
Cross Wars,2017,"Action, Fantasy",98,2.3,,452
Slasher.com,2017,"Crime, Horror, Thriller",89,3.3,,460
Never Here,2017,"Drama, Mystery, Thriller",110,4.2,66,777
The Church I ,2018,"Horror, Thriller",81,2.8,,112
Snatchers,2019,"Comedy, Horror, Sci-Fi",96,7.0,,23
The Escape of Prisoner 614,2018,"Action, Adventure, Comedy",97,4.4,31,638
The Gliksmans,2017,Comedy,72,,638,
Swing State,2017,"Comedy, Music, Romance",95,3.7,,261
Parched,2017,Horror,83,3.3,,161
No Postage Necessary,2017,"Comedy, Drama",104,6.6,,785
Counterpunch,2019,"Action, Biography, Drama",97,4.9,,601
Belong to Us,2018,Drama,84,5.4,,52
At Your Own Risk,2018,"Adventure, Thriller",72,5.1,,90
Hope Springs Eternal,2018,"Comedy, Drama",78,4.8,,381
Grow House,2017,Comedy,96,4.6,,289
The Guest House,2017,Thriller,96,3.7,,144
The Storyteller,2018,"Drama, Family, Fantasy",90,7.0,,431
Sollers Point,2017,Drama,101,5.7,73,510
The Boy Downstairs,2017,"Comedy, Drama, Romance",91,5.7,59,1119
Shadow Fighter,2017,Drama,99,7.8,,1295
Funny Pets 2,2018,Animation,71,7.1,,57
Wheeler,2017,Drama,100,5.9,58,357
Bunyan and Babe,2017,"Animation, Adventure, Comedy",84,5.0,,317
The Assault,2017,"Action, Thriller",90,4.2,,94
Because of Grácia,2017,"Comedy, Drama, Romance",107,6.5,,109
Apple of My Eye II,2017,Family,84,5.5,,279
Union Bound,2019,"Action, Drama, History",103,3.9,,102
Jane and Emma,2018,Drama,90,6.2,,108
Legend of Hallowaiian,2018,"Animation, Adventure, Family",82,7.1,,376
Shine I ,2017,"Drama, Music",95,4.9,,156
Exposure IV,2018,Horror,77,2.9,,195
Pegasus: Pony with a Broken Wing,2019,Family,86,4.4,,42
Frat Pack,2018,Comedy,95,3.8,,313
Valley of Bones,2017,"Crime, Thriller, Western",90,4.1,,441
Weightless I ,2017,Drama,93,6.6,56,96
The Lucky Man,2018,"Action, Drama, Sci-Fi",98,5.6,,1701
Get the Girl,2017,"Action, Comedy, Crime",87,5.0,,1037
The Lumber Baron,2019,"Drama, History, Mystery",120,6.0,,39
"Phoenix, Oregon",2019,Comedy,,8.2,,38
Snake Outta Compton,2018,"Comedy, Horror, Sci-Fi",89,2.8,,367
Behind the Walls,2018,Horror,91,3.0,,174
Slamma Jamma,2017,"Drama, Sport",104,6.0,,1199
Surviving the Wild,2018,"Action, Adventure, Family",87,5.6,,120
Paws P.I.,2018,Family,86,8.2,,426
Party Day Massacre Stories,2018,"Comedy, Horror",76,2.4,,11
Taco Shop,2018,Comedy,85,4.0,,123
Remember Amnesia,2019,Comedy,88,8.2,,21
Pickings,2018,"Action, Crime, Drama",103,5.3,,754
Sweet Sweet Summertime,2017,Family,82,7.8,,18
Wraith,2017,"Horror, Mystery, Thriller",99,3.4,,435
Menashe,2017,Drama,82,6.5,81,1553
Puppy Swap Love Unleashed,2019,Family,90,5.8,,68
Breaking Legs,2017,"Family, Musical",98,4.1,,170
Kampout,2017,Adventure,93,2.3,,105
Neron,2018,"Action, Drama, Horror",100,2.9,,482
The Horse Dancer,2017,Family,114,4.4,,189
A Horse from Heaven,2018,Family,90,4.6,,120
Puppy Star Christmas,2018,Family,91,4.3,,98
The Midnight Man,2017,"Comedy, Horror, Thriller",88,3.6,,226
Anna II,2017,Horror,97,2.4,,352
The Manor,2018,Horror,92,3.0,,157
The Executioners,2018,"Horror, Thriller",93,3.8,,446
Breaking Brooklyn,2018,"Drama, Family, Music",97,5.1,,133
Khali the Killer,2017,"Crime, Drama",89,3.5,,246
You Can't Have It,2017,Thriller,86,4.1,,286
Killer Unicorn,2018,Horror,74,2.7,,109
Honor Up,2018,"Action, Adventure",84,2.5,,227
Generational Sins,2017,Drama,90,7.7,,1625
An L.A. Minute,2018,Comedy,86,5.4,15,29
Pure Country Pure Heart,2017,"Drama, Music",84,6.3,,165
A Dog & Pony Show,2018,"Comedy, Family",85,2.9,,37
You Have a Nice Flight,2017,"Comedy, Drama, Romance",81,7.2,,35
ECCO,2019,"Crime, Drama, Thriller",123,4.9,31,125
Disconnected II,2017,Drama,96,5.4,,77
Champion I ,2017,"Drama, Family, Sport",116,5.9,,155
This Old Machine,2017,Thriller,84,2.0,,103
The Miranda Murders: Lost Tapes of Leonard Lake and Charles Ng,2017,"Biography, Crime",73,3.8,,64
Saving Faith,2017,Comedy,105,6.0,,33
Pup Star: World Tour,2018,"Comedy, Family, Musical",87,5.1,,95
The Barn,2018,"Crime, Horror, Mystery",90,4.4,,90
Saving Christmas,2017,Family,88,4.4,,66
The Riot Act,2018,Thriller,101,8.1,,67
Bright Ones,2019,Musical,82,6.9,,13
The Body Tree,2017,"Horror, Thriller",97,3.8,,374
The Samuel Project,2018,Drama,92,8.0,,83
Moss I ,2017,"Adventure, Drama, Romance",81,5.8,57,71
American Gothic,2017,"Horror, Thriller",77,3.7,,296
Cinderella: The Enchanted Beginning,2018,Family,70,4.0,,73
Horse Camp,2017,Family,108,6.4,,83
Hush Money,2017,"Drama, Thriller",90,6.0,,129
Revival!,2018,Musical,,7.6,,15
Baja,2018,Comedy,106,4.7,,200
American Folk,2017,"Drama, Musical",99,5.9,62,282
Surfer,2018,Drama,98,4.2,,36
Holly Star,2018,Comedy,91,5.1,,103
Chapter & Verse,2017,Drama,97,6.4,70,157
Henri,2017,"Action, Drama",89,4.2,,37
The Lurking Man,2017,"Drama, Fantasy, Horror",90,7.8,,344
Getting Grace,2017,"Comedy, Drama",112,7.3,,296
SheChotic,2018,"Drama, Horror, Mystery",93,2.8,,64
Survive The Hollow Shoals,2018,Horror,78,5.1,,160
Red Forrest,2018,Horror,75,7.6,,1304
The Valley,2017,"Drama, Mystery",95,7.7,33,41
Trek: The Movie,2018,"Comedy, Drama, Family",102,5.5,,90
Blood Country,2017,Western,89,5.5,,123
Always & 4Ever,2018,Thriller,,7.8,,25
Call Me King,2017,"Action, Crime, Drama",118,5.6,,314
"Tim Timmerman, Hope of America",2017,"Comedy, Romance",94,5.6,,272
A Stone Cold Christmas,2018,Romance,90,6.7,,79
Abe & Phil's Last Poker Game,2017,"Comedy, Drama",85,5.7,48,188
Americons,2017,"Action, Biography, Crime",89,4.0,25,198
Strings II,2018,Drama,103,5.8,,57
Point of no Return,2018,"Action, Adventure, Thriller",90,4.0,,113
A Thousand Junkies,2017,"Comedy, Drama",75,5.8,,178
Psychos,2017,"Crime, Drama, Horror",82,2.8,,227
Fortune Defies Death,2018,"Crime, Drama, Mystery",115,7.4,,18
The Goblin,2017,"Fantasy, Horror, Thriller",67,5.0,,42
Fall of Grace,2017,Horror,81,4.2,,471
Twice The Dream,2019,Family,101,7.9,,52
Holden On,2017,"Biography, Drama",102,7.1,,116
Off Season I ,2017,"Drama, Thriller",86,4.9,,42
All I Want I ,2017,"Comedy, Drama, Romance",91,4.8,,112
Stronger II,2017,Drama,125,7.0,,25
Wastelander,2018,"Action, Adventure, Sci-Fi",90,2.6,,148
The Last Ones,2017,"Horror, Sci-Fi, Thriller",78,3.8,,40
Elizabeth Blue,2017,Drama,95,6.0,48,73
Day of Days,2017,Drama,107,4.4,,48
Swamp Ape,2017,"Adventure, Comedy, Horror",59,3.4,,172
The 312,2017,"Comedy, Drama, Romance",75,6.1,,18
Segfault,2018,"Action, Thriller",90,7.6,,5
6:66 PM,2017,"Comedy, Horror",82,6.1,,700
PupParazzi,2018,Family,97,4.2,,39
Razor II,2017,Comedy,87,6.4,,11
Kuleana,2017,"Drama, Mystery",95,7.9,,45
The Last Days of Billy the Kid,2017,Western,80,1.4,,73
Polaris,2017,Drama,79,4.4,,48
Blink IV,2018,Drama,98,4.5,,60
Baby Fever,2017,Comedy,84,2.7,,18
Asomatous,2017,Thriller,90,3.6,,21
Mirror Image,2017,"Horror, Thriller",76,6.2,,70
Robo-Dog: Airborne,2017,Family,88,4.9,,128
Vanished,2018,Thriller,84,4.1,,15
The Last Gunslinger,2017,Western,80,2.0,,89
Sk8 Dawg,2018,"Adventure, Comedy, Family",90,4.4,,16
1 Angry Black Man,2018,Drama,92,7.2,,9
Dimension Z,2017,Horror,70,8.1,,343
District,2018,Drama,67,5.8,,29
The Mason Brothers,2017,"Crime, Drama, Thriller",114,5.7,,229
The Actor,2018,"Comedy, Crime, Drama",104,5.9,,76
Deadly Sanctuary,2017,"Family, Mystery, Thriller",100,3.6,,113
Yesterday V ,2018,Drama,,,113,
Sorceress,2017,"Drama, Fantasy, Horror",84,4.6,,96
Small Group,2018,Drama,,9.2,,151
The Stream,2017,Horror,80,2.8,,26
Beta II,2017,"Adventure, Fantasy, Romance",84,6.3,,57
Trew Calling,2017,Comedy,,6.1,,17
Visage,2017,"Drama, Thriller",,7.4,,15
Bug II,2017,"Drama, Mystery, Thriller",95,4.5,,43
Lust of the Vampire Girls,2017,Horror,77,1.9,,9
Kung Fu Masters,2017,Animation,98,5.3,,15
"Rock, Paper, Scissors",2018,Thriller,,4.8,,5
Compton's Finest,2018,Action,,6.8,,5
Indiana,2017,Thriller,77,5.9,,28
Romeo,2019,"Drama, Thriller",89,4.5,,18
Easy Money II,2018,Action,64,6.8,,6
The Game Is Dirty,2018,"Crime, Drama",53,1.9,,11
Gangsters,2018,"Crime, Drama",64,7.1,,16
Nothing to Do,2017,Drama,81,7.2,,43
North Housing Authority,2017,Drama,97,,43,
The Good Die Young,2018,Crime,78,6.8,,12
The Oscar Nominated Short Films 2018: Live Action,2018,Action,96,7.9,,191
BROS.,2017,Comedy,82,5.3,,2852
River,2017,"Crime, Thriller",101,5.8,,65
Breakthrough,2018,Family,,,65,
Girl Trip,2018,"Comedy, Horror, Thriller",,,,
Atlanta Vampire Movie,2018,"Comedy, Horror",110,,,
Blood Woods,2017,Horror,92,5.2,,74
My Side Piece Hit the Lotto,2018,Drama,106,,74,
Broken Chains,2017,"Action, Adventure, Biography",,7.0,,11
Jimbo,2018,"Crime, Drama",94,5.4,,27
Pondemonium,2017,Animation,76,2.9,,18
The Cheaters Club,2017,Drama,83,3.9,,11
The Dead,2017,"Comedy, Drama",87,,11,
Space Guardians,2017,Animation,74,4.4,,44
Transit I ,2019,"Action, Drama, Sci-Fi",90,,44,
Lady Rider,2017,Action,105,4.1,,19
Broken Doll,2018,Thriller,84,3.1,,49
Make America White Again,2019,Comedy,,,49,
Mr. Rudolpho's Jubilee,2017,"Comedy, Music, Musical",110,8.5,,203
BROS. On The Rocks,2018,Comedy,95,5.9,,2684
Ultimate Goal,2017,Sport,94,,2684,
Mire II,2017,"Drama, Family",90,6.1,,8
Horseplay,2017,Animation,60,8.4,,26
Where Birds Don't Fly,2017,"Crime, Drama, Thriller",121,4.9,,92
The Cat in the Hat Knows a Lot About Space!,2017,Animation,60,,92,
Hogan,2017,"Action, Drama, Sport",108,6.0,,5
Dirt Merchants: Rebelistic,2018,Drama,95,,5,
The Ultimate Rally,2018,"Adventure, Mystery, Thriller",107,8.1,,44
Ned Venture,2017,Comedy,90,6.0,,26
David's Dinosaur,2017,Family,100,6.4,,10
Fishtales 2,2017,Animation,70,4.1,,42
The Mice War,2017,Animation,78,,42,
Straight Outta Oakland 2,2017,Drama,75,7.9,,148
The Girl with No Name,2017,"Comedy, Horror",80,6.1,,33
"C- Bar, II",2019,Western,64,7.7,,9
Mississippi Turntup,2017,Action,95,2.5,,6
Provision,2017,"Drama, Family",92,7.0,,7
E19 Virus,2017,Horror,88,4.8,,175
The Midnight Matinee,2017,"Horror, Mystery, Thriller",46,3.8,,109
Go Mad and Mark,2017,"Comedy, Drama, Horror",75,3.8,,13
Real Haunts,2017,"Biography, Drama, Horror",66,7.0,,11
Do It or Die!,2017,Drama,96,,11,
Arthur and the Haunted Tree House,2017,Animation,57,,,
Fireangels: A Drifter's Fury,2017,"Horror, Thriller",70,3.0,,36
ZBurbs,2017,Horror,93,5.3,,22
The Fighters Prayer,2017,Sport,111,,22,
So Help Us God,2017,Family,93,4.5,,24
Sinner City,2017,Thriller,106,7.6,,9
The Backslide,2018,Comedy,83,,9,
Caregiver II,2018,"Comedy, Drama",65,,,
Southern Tale,2017,"Crime, Drama, Mystery",90,5.0,,5
Nature Cat: Ocean Commotion,2017,Animation,45,3.9,,7
1040 Not So EZ,2017,Drama,85,9.0,,40
Assassins' Contract,2019,Action,73,7.9,,17
Hongo,2017,Thriller,93,6.3,,150
Absolute Debauchery,2018,Crime,80,,150,
Pretty Girl II,2017,Drama,87,,,
Mr Pickpocket,2017,Comedy,55,8.7,,6
The Cutting Truth,2017,"Drama, Thriller",49,7.5,,8
The Making of a Tomb Raider,2018,"Action, Adventure",57,,8,
A Song or Two to Make You Feel,2018,Music,54,,,
The Lost Digit,2017,"Comedy, Drama",91,7.8,,9
Home.,2018,Drama,61,,9,
Love 1.0 Even Without You,2017,Drama,89,5.2,,5
The PC,2018,"Comedy, Crime, Thriller",56,,5,
Poochie,2018,Drama,72,,,
Cottontail,2017,"Comedy, Horror",81,4.1,,22
System Failure,2017,"Crime, Drama",59,,22,
End of the World Rocks,2018,Drama,77,,,
Detective Jimmy Apple,2017,Sci-Fi,48,6.7,,13
Guerrilla Blood,2017,Horror,80,4.7,,9
Salvation II,2018,Crime,90,,9,
Stealth Edge,2017,"Action, Adventure, Fantasy",,,,
Live Fast Die Young Chi-bangin,2017,Action,52,,,
Revelation,2017,Horror,81,,,
Last Night VI,2017,Comedy,94,,,
Jimmy Apple in Cannibal Run,2017,Sci-Fi,75,,,
We Need a Little Christmas,2017,Family,,,,
Punch II,2017,Sport,107,,,
Ricco Da Great: B-Town's Finest,2017,Comedy,52,8.3,,7
Laughter Is Medicine,2018,Comedy,60,,7,
Rural Area,2018,Mystery,58,,,
"Honey, Honey ",,Drama,,,,
Enjoy Your Trip to Hell,2017,Sci-Fi,76,7.1,,18
LeSeurdmin,2017,"Animation, Action, Comedy",80,,18,